{"loss":{"0":0.1205577701,"1":0.1025370881,"2":0.0956371576,"3":0.0923870057,"4":0.0901752636,"5":0.088173449,"6":0.0864353478,"7":0.0849559754,"8":0.0836699903,"9":0.0823428482,"10":0.0811477676,"11":0.0802433938,"12":0.0792502835,"13":0.0782771409,"14":0.0773157701,"15":0.0768005475,"16":0.0761681572,"17":0.075424552,"18":0.0749318004,"19":0.0741827935,"20":0.0737169757,"21":0.0732919052,"22":0.0727482662,"23":0.0722680092,"24":0.0718546212,"25":0.0716250986,"26":0.0713153854,"27":0.0706367195,"28":0.0705027804,"29":0.0700679868,"30":0.0697449595,"31":0.0695709884,"32":0.0690839514,"33":0.068921037,"34":0.0688315779,"35":0.0683840513,"36":0.0681570247,"37":0.0680107996,"38":0.0679403543,"39":0.0676348284,"40":0.0674689934,"41":0.0671845078,"42":0.0669756979,"43":0.0668819472,"44":0.0667214617,"45":0.0664971173,"46":0.06626001,"47":0.0663454086,"48":0.0662799254,"49":0.0658683106,"50":0.0657244846,"51":0.0657995194,"52":0.0655767769,"53":0.065443553,"54":0.0654720664,"55":0.0652047098,"56":0.0651244149,"57":0.0649460405,"58":0.0649727732,"59":0.0648156479,"60":0.0646354705,"61":0.0646454245,"62":0.0645880401,"63":0.0643659458,"64":0.06441883,"65":0.0642838031,"66":0.0641589165,"67":0.0643313304,"68":0.0640034899,"69":0.064121969,"70":0.0638301671,"71":0.0638800114,"72":0.0636570454,"73":0.063790746,"74":0.0636773556,"75":0.063474305,"76":0.0636190772,"77":0.0634287447,"78":0.0634283572,"79":0.063299194,"80":0.063382186,"81":0.0631759539,"82":0.0630678982,"83":0.0631224215,"84":0.0631725341,"85":0.0629726872,"86":0.0629204959,"87":0.0629992634,"88":0.0628458634,"89":0.0627692118,"90":0.0626459792,"91":0.0627048463,"92":0.0625384822,"93":0.0626388118,"94":0.0624906011,"95":0.062590152,"96":0.0624214821,"97":0.0624366328,"98":0.0623393096,"99":0.0624010675},"categorical_crossentropy":{"0":4.5475950241,"1":3.4312880039,"2":3.1285727024,"3":2.9912917614,"4":2.8699214458,"5":2.7598462105,"6":2.6588270664,"7":2.5692517757,"8":2.490884304,"9":2.4133110046,"10":2.3419215679,"11":2.2805230618,"12":2.2195007801,"13":2.157585144,"14":2.0981812477,"15":2.0560152531,"16":2.0098593235,"17":1.9653611183,"18":1.9252523184,"19":1.8829333782,"20":1.8492944241,"21":1.8189326525,"22":1.7839291096,"23":1.752392292,"24":1.7243891954,"25":1.7081400156,"26":1.6869039536,"27":1.6566158533,"28":1.643427968,"29":1.6189153194,"30":1.6027721167,"31":1.5880907774,"32":1.5682131052,"33":1.5621566772,"34":1.5497968197,"35":1.5331474543,"36":1.5220657587,"37":1.5105956793,"38":1.5043588877,"39":1.4924014807,"40":1.4842338562,"41":1.4718114138,"42":1.4638184309,"43":1.4582024813,"44":1.4530533552,"45":1.4421563148,"46":1.435832262,"47":1.433501482,"48":1.4288929701,"49":1.4178262949,"50":1.4122034311,"51":1.4126516581,"52":1.4062216282,"53":1.4010595083,"54":1.3997305632,"55":1.3923176527,"56":1.3892201185,"57":1.382114768,"58":1.3826612234,"59":1.3775120974,"60":1.3721474409,"61":1.3719615936,"62":1.369656682,"63":1.3621603251,"64":1.3649445772,"65":1.3602664471,"66":1.3555339575,"67":1.3575648069,"68":1.3511143923,"69":1.3514693975,"70":1.3445162773,"71":1.3465178013,"72":1.3409622908,"73":1.3417605162,"74":1.33958745,"75":1.3336338997,"76":1.3361464739,"77":1.3310194016,"78":1.3305110931,"79":1.3284194469,"80":1.3293770552,"81":1.3252025843,"82":1.3205891848,"83":1.32282722,"84":1.3222777843,"85":1.3193949461,"86":1.3152383566,"87":1.3173987865,"88":1.3135652542,"89":1.3119572401,"90":1.3083568811,"91":1.310017705,"92":1.3065156937,"93":1.3073230982,"94":1.3038358688,"95":1.305532217,"96":1.3020957708,"97":1.3031959534,"98":1.2996110916,"99":1.301448226},"val_loss":{"0":0.1286129206,"1":0.1682513058,"2":0.1752502024,"3":0.1542563438,"4":0.089396514,"5":0.0800305977,"6":0.0794459432,"7":0.0787522271,"8":0.0780362412,"9":0.0772075877,"10":0.076396063,"11":0.0749894306,"12":0.0741651803,"13":0.0733251646,"14":0.0727017075,"15":0.0719387308,"16":0.0712014362,"17":0.0710213557,"18":0.0704982206,"19":0.0693971217,"20":0.0688784197,"21":0.068427965,"22":0.0680571571,"23":0.0688136816,"24":0.0670591295,"25":0.0666653067,"26":0.0666032583,"27":0.0662497431,"28":0.0657406747,"29":0.0652651489,"30":0.0650925189,"31":0.0649682283,"32":0.0646452606,"33":0.0646672696,"34":0.0642451867,"35":0.0638107061,"36":0.0634100512,"37":0.0632261112,"38":0.0638223141,"39":0.0632511452,"40":0.0628697127,"41":0.0630826354,"42":0.0623026974,"43":0.0621084385,"44":0.0620379373,"45":0.0622651502,"46":0.0618716031,"47":0.0619855858,"48":0.0614494383,"49":0.0614116937,"50":0.0613388531,"51":0.0610316508,"52":0.0609606169,"53":0.0607192367,"54":0.0609108992,"55":0.0606885478,"56":0.0604724847,"57":0.0604644716,"58":0.060566172,"59":0.0608453006,"60":0.0602722205,"61":0.0599600263,"62":0.0601937138,"63":0.0597677864,"64":0.0598945729,"65":0.0600883327,"66":0.0596066229,"67":0.0603170469,"68":0.0607830621,"69":0.0592774712,"70":0.0592190549,"71":0.0591789037,"72":0.0590993129,"73":0.0593984537,"74":0.0591340885,"75":0.0589278936,"76":0.0588252582,"77":0.0593770109,"78":0.0593434535,"79":0.0586238131,"80":0.0585047565,"81":0.0585226379,"82":0.0584455244,"83":0.05837363,"84":0.0582347661,"85":0.0582107306,"86":0.0587511137,"87":0.0581953637,"88":0.0581668913,"89":0.0580049492,"90":0.0578901879,"91":0.0589065813,"92":0.0578974262,"93":0.0579145439,"94":0.0581607819,"95":0.0577094182,"96":0.0575922355,"97":0.0577420183,"98":0.0575446114,"99":0.0576922558},"val_categorical_crossentropy":{"0":3.2322618961,"1":4.9562659264,"2":5.5605764389,"3":4.0160660744,"4":2.2201328278,"5":2.2164561749,"6":2.3742282391,"7":2.346560955,"8":2.3522911072,"9":2.269803524,"10":2.2228729725,"11":2.1345405579,"12":2.0857977867,"13":2.0352339745,"14":1.9920067787,"15":1.9441256523,"16":1.8860149384,"17":1.8713333607,"18":1.8240858316,"19":1.761197567,"20":1.7478376627,"21":1.7052599192,"22":1.6780852079,"23":1.6727311611,"24":1.6135485172,"25":1.6005603075,"26":1.589738965,"27":1.5663148165,"28":1.5422824621,"29":1.5186007023,"30":1.5039519072,"31":1.4940243959,"32":1.4827114344,"33":1.4794586897,"34":1.4579980373,"35":1.4401946068,"36":1.4231077433,"37":1.4159867764,"38":1.4241006374,"39":1.4013371468,"40":1.3971021175,"41":1.4020607471,"42":1.3718280792,"43":1.3656625748,"44":1.3642832041,"45":1.3605899811,"46":1.3492027521,"47":1.3545072079,"48":1.3375227451,"49":1.3351258039,"50":1.3302739859,"51":1.3211205006,"52":1.314212203,"53":1.3074595928,"54":1.3124387264,"55":1.3052953482,"56":1.2996404171,"57":1.2994289398,"58":1.2982007265,"59":1.308163166,"60":1.287065506,"61":1.2838667631,"62":1.2884763479,"63":1.2722059488,"64":1.2787486315,"65":1.279612422,"66":1.2674453259,"67":1.2878127098,"68":1.2985854149,"69":1.2598212957,"70":1.2579967976,"71":1.2549985647,"72":1.2489497662,"73":1.2605031729,"74":1.2560139894,"75":1.2476392984,"76":1.2418065071,"77":1.2555743456,"78":1.2574920654,"79":1.2358862162,"80":1.235732317,"81":1.2333596945,"82":1.2333669662,"83":1.2323486805,"84":1.2263941765,"85":1.2244089842,"86":1.2400010824,"87":1.2232960463,"88":1.223456502,"89":1.2170399427,"90":1.2186059952,"91":1.2432408333,"92":1.2140170336,"93":1.21550107,"94":1.2186447382,"95":1.2143167257,"96":1.208155632,"97":1.2126536369,"98":1.2052650452,"99":1.2055603266}}